INSERT INTO artistas(cod_artista,nombre_artista,nacionalidad_artista) VALUES (1,'Taylor Swift','Estados Unidos');
INSERT INTO artistas(cod_artista,nombre_artista,nacionalidad_artista) VALUES (2,'Harry Styles','Reino Unido');
INSERT INTO artistas(cod_artista,nombre_artista,nacionalidad_artista) VALUES (3,'Justin Bieber','Canada');
INSERT INTO artistas(cod_artista,nombre_artista,nacionalidad_artista) VALUES (4,'Shakira','Colombia');
INSERT INTO artistas(cod_artista,nombre_artista,nacionalidad_artista) VALUES (5,'Lasso','Venezuela');
INSERT INTO artistas(cod_artista,nombre_artista,nacionalidad_artista) VALUES (6,'Iron Maden','Reino Unido');
INSERT INTO artistas(cod_artista,nombre_artista,nacionalidad_artista) VALUES (7,'The Weekend','Canada');
INSERT INTO artistas(cod_artista,nombre_artista,nacionalidad_artista) VALUES (8,'Bad Bunny','Puerto Rico');
INSERT INTO artistas(cod_artista,nombre_artista,nacionalidad_artista) VALUES (9,'Britney Spears','Estados Unidos');
INSERT INTO artistas(cod_artista,nombre_artista,nacionalidad_artista) VALUES (10,'Karol G','Colombia');
INSERT INTO artistas(cod_artista,nombre_artista,nacionalidad_artista) VALUES (11,'Adele','Reino Unido');
INSERT INTO artistas(cod_artista,nombre_artista,nacionalidad_artista) VALUES (12,'5 Seconds Of Summer','Australia');
INSERT INTO artistas(cod_artista,nombre_artista,nacionalidad_artista) VALUES (13,'Kelly Clarkson','Estados Unidos');
INSERT INTO artistas(cod_artista,nombre_artista,nacionalidad_artista) VALUES (14,'No Doubt','Estados Unidos');
INSERT INTO artistas(cod_artista,nombre_artista,nacionalidad_artista) VALUES (15,'Laura Paussini','Italia');
INSERT INTO artistas(cod_artista,nombre_artista,nacionalidad_artista) VALUES (16,'Elvis Presley','Estados Unidos');
INSERT INTO artistas(cod_artista,nombre_artista,nacionalidad_artista) VALUES (17,'Mickael Jackson','Estados Unidos');
INSERT INTO artistas(cod_artista,nombre_artista,nacionalidad_artista) VALUES (18,'Queen','Estados Unidos');

INSERT INTO generos(cod_genero,nombre_genero) VALUES (1,'Country');
INSERT INTO generos(cod_genero,nombre_genero) VALUES (2,'Pop');
INSERT INTO generos(cod_genero,nombre_genero) VALUES (3,'Rock');
INSERT INTO generos(cod_genero,nombre_genero) VALUES (4,'Soul');
INSERT INTO generos(cod_genero,nombre_genero) VALUES (5,'Pop');
INSERT INTO generos(cod_genero,nombre_genero) VALUES (6,'Metal');
INSERT INTO generos(cod_genero,nombre_genero) VALUES (7,'R&B');
INSERT INTO generos(cod_genero,nombre_genero) VALUES (8,'Rock and Roll');
INSERT INTO generos(cod_genero,nombre_genero) VALUES (8,'Disco');
INSERT INTO generos(cod_genero,nombre_genero) VALUES (9,'Dance');
INSERT INTO generos(cod_genero,nombre_genero) VALUES (10,'Funk');

INSERT INTO decadas(cod_decada,nombre_decada) VALUES (1,'1950');
INSERT INTO decadas(cod_decada,nombre_decada) VALUES (2,'1960');
INSERT INTO decadas(cod_decada,nombre_decada) VALUES (3,'1970');
INSERT INTO decadas(cod_decada,nombre_decada) VALUES (4,'1980');
INSERT INTO decadas(cod_decada,nombre_decada) VALUES (5,'1990');
INSERT INTO decadas(cod_decada,nombre_decada) VALUES (6,'2000');
INSERT INTO decadas(cod_decada,nombre_decada) VALUES (7,'2010');
INSERT INTO decadas(cod_decada,nombre_decada) VALUES (8,'2020');

INSERT INTO canciones(cod_cancion,cod_decada,cod_genero,cod_artista,nombre_cancion) VALUES (1,8,2,1,'Lover'); 
INSERT INTO canciones(cod_cancion,cod_decada,cod_genero,cod_artista,nombre_cancion) VALUES (2,7,1,1,'Love Story');
INSERT INTO canciones(cod_cancion,cod_decada,cod_genero,cod_artista,nombre_cancion) VALUES (3,8,2,2,'Cherry'); 
INSERT INTO canciones(cod_cancion,cod_decada,cod_genero,cod_artista,nombre_cancion) VALUES (4,4,2,2,'As It Was');  
INSERT INTO canciones(cod_cancion,cod_decada,cod_genero,cod_artista,nombre_cancion) VALUES (5,6,3,4,'Si Te Vas'); 
INSERT INTO canciones(cod_cancion,cod_decada,cod_genero,cod_artista,nombre_cancion) VALUES (6,6,2,15,'Entre Tu y Mil Mares');
INSERT INTO canciones(cod_cancion,cod_decada,cod_genero,cod_artista,nombre_cancion) VALUES (7,4,10,17,'Thriller'); 
INSERT INTO canciones(cod_cancion,cod_decada,cod_genero,cod_artista,nombre_cancion) VALUES (8,5,3,18,'You Dont Fool Me'); 
INSERT INTO canciones(cod_cancion,cod_decada,cod_genero,cod_artista,nombre_cancion) VALUES (9,2,4,16,'Cant Help Falling in Love');
INSERT INTO canciones(cod_cancion,cod_decada,cod_genero,cod_artista,nombre_cancion) VALUES (10,5,3,14,'Dont Speak');
INSERT INTO canciones(cod_cancion,cod_decada,cod_genero,cod_artista,nombre_cancion) VALUES (11,5,2,9,'...Baby One More Time');

